{
  "project_info": {
    "project_number": "186028101832",
    "firebase_url": "https://kalejdoskopapp.firebaseio.com",
    "project_id": "kalejdoskopapp",
    "storage_bucket": "kalejdoskopapp.appspot.com"
  },
  "client": [
    {
      "client_info": {
        "mobilesdk_app_id": "1:186028101832:android:5eb487b04699af23",
        "android_client_info": {
          "package_name": "com.racjonalnytraktor.findme3"
        }
      },
      "oauth_client": [
        {
          "client_id": "186028101832-kf9auh82oqqo0jt75vbi2i2jfg4p7prk.apps.googleusercontent.com",
          "client_type": 3
        },
        {
          "client_id": "186028101832-kf9auh82oqqo0jt75vbi2i2jfg4p7prk.apps.googleusercontent.com",
          "client_type": 3
        }
      ],
      "api_key": [
        {
          "current_key": "AIzaSyChti0ILewzirsgDUeYVPiC9jmWS3NarT4"
        }
      ],
      "services": {
        "analytics_service": {
          "status": 1
        },
        "appinvite_service": {
          "status": 1,
          "other_platform_oauth_client": []
        },
        "ads_service": {
          "status": 2
        }
      }
    }
  ],
  "configuration_version": "1"
}